ID,Individuo,I,x,f(x)
1,10010,18,9.16129,232.91186732949268
1,10010,18,9.16129,232.91186732949268
2,11010,26,9.677419,304.4357599706135
1,10010,18,9.16129,232.91186732949268
2,11010,26,9.677419,304.4357599706135
3,11111,31,10.0,357.2123903134607
1,10010,18,9.16129,232.91186732949268
2,11010,26,9.677419,304.4357599706135
3,11111,31,10.0,357.2123903134607
4,11111,31,10.0,357.2123903134607
