ID,Individuo,I,x,f(x)
10,111,7,4.75,9.076228
10,111,7,4.75,9.076228
16,110,6,4.5,6.936478
10,111,7,4.75,9.076228
16,110,6,4.5,6.936478
16,011,3,3.75,2.798606
