ID,Individuo,I,x,f(x)
1,11001,25,4.6,19.462990761201343
2,11101,29,4.856,21.584585201025313
3,00011,3,3.192,9.621526698457972
4,10110,22,4.4079999999999995,17.93707269172727
5,00011,3,3.192,9.621526698457972
6,11001,25,4.6,19.462990761201343
7,01100,12,3.768,13.264791100092133
8,11001,25,4.6,19.462990761201343
9,00110,6,3.384,10.775503919930026
10,10011,19,4.216,16.46792200040408
