ID,Individuo,I,x,f(x)
1,11011,27,4.728,-101.97036026885581
2,11101,29,4.856,-110.68602311242614
3,01101,13,3.832,-53.018340743456164
4,00111,7,3.448,-37.84384249057173
5,11111,31,4.984,-119.86763073322494
6,11001,25,4.6,-93.70893782683453
7,11101,29,4.856,-110.68602311242614
8,01000,8,3.512,-40.15481232809994
9,11001,25,4.6,-93.70893782683453
10,00111,7,3.448,-37.84384249057173
